Graph Size,Exact Cover Size,Exact Cost,Exact Time,Approx Cover Size,Approx Cost,Approx Time,Approx Ratio,Fast Approx Cover Size,Fast Approx Cost,Fast Approx Time,Fast Approx Ratio,Greedy Matching Cover Size,Greedy Matching Cost,Greedy Matching Time,Greedy Matching Ratio,Local Search Cover Size,Local Search Cost,Local Search Time,Local Search Ratio
10,5.0,950.5602439480888,2.103072166442871,5,66.22352228443165,0.0003972053527832031,0.0696678855507113,5,54.192525659960374,0.0001862049102783203,0.05701114264454751,10,108.38505131992076,9.799003601074219e-05,0.11402228528909504,5,54.19252565996038,0.009825944900512695,0.05701114264454752
20,9.0,1706.847128284973,2.314889907836914,9,144.44706889087817,0.0003981590270996094,0.08462800592810997,12,126.4078544753464,0.0004820823669433594,0.07405927126136952,18,216.69591798485985,0.000270843505859375,0.12695684012580216,10,120.38565667579243,0.024194717407226562,0.07053101281352304
50,,,,25,355.16445172294436,0.0009958744049072266,,28,313.03886035779556,0.001316070556640625,,44,535.7404929667368,0.0005357265472412109,,28,313.03886035779544,0.08185315132141113,
100,,,,47,686.325204826825,0.0033240318298339844,,55,644.200836919619,0.0047206878662109375,,88,1065.6612749194828,0.0016040802001953125,,53,620.1321506867454,0.2810807228088379,
1000,,,,457,6989.544748541814,0.33576297760009766,,594,6484.151053720981,0.4309520721435547,,836,10283.23086139281,0.11842823028564453,,596,6514.327164994852,24.269358158111572,
3000,,,,1403,21509.533191085786,3.051525831222534,,1737,19463.510974284553,3.9237587451934814,,2566,31600.458697646543,1.0838818550109863,,1841,20197.594962896354,203.34611988067627,
5000,,,,2366,35657.33666672996,8.698723077774048,,2892,32672.863950923733,10.748884916305542,,4298,52486.57201759139,3.0046939849853516,,3072,33906.517898690174,584.71986079216,
10000,,,,4727,71495.74730636262,36.46685266494751,,5756,65014.49785880462,44.76400876045227,,8590,104918.90191510563,12.296215057373047,,6312,68757.63885736681,2313.480451107025,
